question_id,question,method,retrieved_ids,tokens_used,token_budget,top_score,answer_or_status
1,What sounds or noises did witnesses hear during the sightings?,tfidf,R35216 R35275 R56472 R52235 R34128 R37001 R52853 R57442 R81162 R63058 R40011 R12308 R60008 R4826 R40961 R33175 R34220 R12055 R58076 R54083 R38519 R53761 R54262 R79287 R80330 R77921 R23114 R46545 R39377 R73959,1433,1500,0.3730511963367462,Nous n'avons pas de releve suffisamment pertinent pour repondre a cette question.
1,What sounds or noises did witnesses hear during the sightings?,naive,R16533 R33175 R40961 R159 R443 R476 R484 R713 R882 R1692 R1935 R2138 R2256 R2812 R3162 R3275 R3693 R3837 R3933 R4826 R5176 R5409 R5807 R6340 R6344,1469,1500,2.0,"Les releves recuperes donnent des elements directs sur la question: le premier temoignage pertinent indique notamment ""we were inside our house and heard several loud jet like sounds that would stop and then start up agan (exactly like..."" [R16533], [R33175], [R40961]. Cette synthese reste limitee aux passages cites."
2,Which colors are most clearly described by witnesses?,tfidf,R63058 R84182 R18443 R82854 R38706 R58653 R44493 R4408 R54302 R52378 R58665 R36514 R54242 R31747 R87822 R28193 R61546 R8956 R8781 R30460 R38671 R54358 R88122 R58719 R7963 R21493 R54612,1447,1500,0.4176860451698303,"Les releves recuperes donnent des elements directs sur la question: le premier temoignage pertinent indique notamment ""Circular with colors."" [R18443], [R38706], [R52378]. Cette synthese reste limitee aux passages cites."
2,Which colors are most clearly described by witnesses?,naive,R32 R59 R88 R326 R453 R489 R575 R730 R904 R907 R989 R1002 R1132 R1253 R1467 R1838 R1976 R2307 R2447 R2639 R2765 R2895 R3074 R3120 R3238,1497,1500,1.0,"Les releves recuperes donnent des elements directs sur la question: le premier temoignage pertinent indique notamment ""very low clouds all different colors,search lights were seen shining down out of the clouds on the houses and streets..."" [R32], [R59], [R88]. Cette synthese reste limitee aux passages cites."
3,How do witnesses describe the movement of the objects?,tfidf,R63058 R37494 R57033 R84193 R12428 R84050 R54302 R21060 R87887 R54358 R88122 R54612 R70753 R48568 R32710 R4726 R28306 R39650 R81100 R84044 R24254 R82313 R48656 R15793 R61647 R49116 R30921 R30923 R23195 R23153 R40934,1480,1500,0.6118589639663696,"Les releves recuperes donnent des elements directs sur la question: le premier temoignage pertinent indique notamment ""irratic star movement"" [R12428], [R84050], [R21060]. Cette synthese reste limitee aux passages cites."
3,How do witnesses describe the movement of the objects?,naive,R385 R531 R749 R752 R1448 R1530 R1575 R1740 R1905 R1907 R1980 R2164 R2474 R2819 R3011 R3187 R3223 R3592 R3720 R3914 R4007 R4366 R4411 R4619 R4708,1456,1500,1.0,"Les releves recuperes donnent des elements directs sur la question: le premier temoignage pertinent indique notamment ""Large flaming tail and eratic movement - sudden change of direction"" [R385], [R531], [R749]. Cette synthese reste limitee aux passages cites."
4,Are there sightings reported over cities or inhabited areas?,tfidf,R53917 R54763 R35275 R21289 R82069 R42372 R66824 R58076 R6253 R70116 R438 R79287 R23114 R53501 R39891 R14133 R30574 R43951 R67967 R75027 R44161 R22111 R9621 R62342 R39465 R47484 R21536 R6989,1469,1500,0.373657763004303,Nous n'avons pas de releve suffisamment pertinent pour repondre a cette question.
4,Are there sightings reported over cities or inhabited areas?,naive,R438 R3194 R3197 R6989 R9053 R14133 R15079 R15756 R16897 R18306 R21536 R21852 R22111 R23463 R25388 R26395 R33908 R35811 R37745 R39213 R39891 R40475 R41412 R42372,1465,1500,1.0,Nous n'avons pas de releve suffisamment pertinent pour repondre a cette question.
5,What do witnesses report seeing at night?,tfidf,R40007 R82626 R30465 R63058 R29794 R28729 R30067 R76608 R27586 R68224 R82513 R74189 R30864 R17379 R28908 R68435 R83537 R85573 R16771 R72065 R12043 R14736 R84738 R74707 R54378 R52806,1465,1500,0.4220053553581238,"Les releves recuperes donnent des elements directs sur la question: le premier temoignage pertinent indique notamment ""Seeing 3 space crafts in one night,"" [R84738], [R52806], [R40007]. Cette synthese reste limitee aux passages cites."
5,What do witnesses report seeing at night?,naive,R8799 R17013 R19130 R19943 R23809 R28354 R31082 R37012 R45417 R50116 R52806 R60211 R67768 R71974 R84168 R84738 R4 R17 R39 R44 R50 R55 R58,1485,1500,2.0,"Les releves recuperes donnent des elements directs sur la question: le premier temoignage pertinent indique notamment ""I have made several reports recently and had the most disturbing sighting last night. I previously reported seeing ob..."" [R8799], [R17013], [R19130]. Cette synthese reste limitee aux passages cites."
6,Do witnesses describe multiple objects or multiple lights?,tfidf,R35337 R61955 R14213 R79193 R76460 R70276 R19481 R10716 R13208 R64974 R30836 R38242 R24701 R72114 R6105 R65405 R75859 R42965 R13261 R29061 R38480 R21084 R1520 R70955 R55031 R23715 R8935 R42462 R71580 R45555 R88428,1477,1500,0.7554093599319458,"Les releves recuperes donnent des elements directs sur la question: le premier temoignage pertinent indique notamment ""Multiple lights in the sky."" [R14213], [R79193], [R19481]. Cette synthese reste limitee aux passages cites."
6,Do witnesses describe multiple objects or multiple lights?,naive,R302 R1330 R1520 R1562 R1763 R2014 R2618 R2714 R3175 R3399 R3434 R3840 R4167 R4220 R4261 R4538 R5093 R5195 R5498 R5593 R5797 R6105 R6125 R7037 R7490 R7722 R7868,1500,1500,2.0,"Les releves recuperes donnent des elements directs sur la question: le premier temoignage pertinent indique notamment ""Extremely fast multiple colored lights, constantly moving and stopping back to its place of origin. ((NUFORC Note: St..."" [R302], [R1330], [R1520]. Cette synthese reste limitee aux passages cites."
7,Which reports describe very long observations?,tfidf,R60291 R988 R85667 R22247 R222 R22643 R82220 R24980 R55042 R57493 R65148 R82526 R63458 R60710 R7114 R16397 R76430 R50215 R83904 R37406 R48430 R19772 R68956 R14340 R75482 R85781,1458,1500,0.512225866317749,"Les releves recuperes donnent des elements directs sur la question: le premier temoignage pertinent indique notamment ""2 seperate observations. Fairfield, CT"" [R988], [R85667], [R222]. Cette synthese reste limitee aux passages cites."
7,Which reports describe very long observations?,naive,R50 R219 R222 R432 R433 R592 R793 R850 R867 R933 R971 R988 R1065 R1074 R1136 R1377 R1528 R1621 R1701 R1908 R1984 R2144 R2197 R2274,1450,1500,1.0,"Les releves recuperes donnent des elements directs sur la question: le premier temoignage pertinent indique notamment ""i saw something one rainy night, and i'll never forget it as long as i live."" [R50], [R219], [R222]. Cette synthese reste limitee aux passages cites."
8,Which reports describe very short observations?,tfidf,R60291 R85667 R35855 R988 R63531 R53981 R22247 R222 R22643 R82220 R24980 R63480 R55042 R57493 R65148 R82526 R63458 R55249 R60710 R75149 R18306 R7114 R16397 R31935 R51684 R50215 R83904,1456,1500,0.48684433102607727,"Les releves recuperes donnent des elements directs sur la question: le premier temoignage pertinent indique notamment ""Four + hours of observation, four individual observations of short duration"" [R85667], [R35855], [R988]. Cette synthese reste limitee aux passages cites."
8,Which reports describe very short observations?,naive,R85667 R222 R349 R357 R808 R950 R988 R1289 R1321 R2328 R2840 R3444 R3779 R3806 R3976 R3984 R4012 R4169 R4274 R4294 R4500 R4882 R5997 R6031 R6713,1452,1500,2.0,"Les releves recuperes donnent des elements directs sur la question: le premier temoignage pertinent indique notamment ""Four + hours of observation, four individual observations of short duration"" [R85667], [R222], [R349]. Cette synthese reste limitee aux passages cites."
9,Are there reports of objects hovering or staying still?,tfidf,R60291 R80820 R48710 R30581 R86997 R69399 R70097 R37096 R21984 R28349 R38011 R45337 R20954 R12247 R54893 R46534 R63458 R26659 R80459 R79516 R70754 R75318 R52812 R48528 R42813 R22247 R71634 R3574 R53381 R6650,1480,1500,0.46898308396339417,"Les releves recuperes donnent des elements directs sur la question: le premier temoignage pertinent indique notamment ""Two objects hovering in Alexandria Virginia"" [R80820], [R48710], [R30581]. Cette synthese reste limitee aux passages cites."
9,Are there reports of objects hovering or staying still?,naive,R2637 R7 R73 R79 R83 R115 R136 R138 R198 R232 R248 R290 R331 R388 R451 R471 R483 R530 R532 R537 R567 R590 R623 R640 R645,1471,1500,2.0,"Les releves recuperes donnent des elements directs sur la question: le premier temoignage pertinent indique notamment ""A orange splatter shaped light hovering in one place for about 4 minutes, slightly moving around but staying in round..."" [R2637], [R7], [R73]. Cette synthese reste limitee aux passages cites."
10,Did witnesses report a smell of chocolate or vanilla near the objects?,tfidf,R82626 R40007 R30465 R73943 R34128 R37001 R52853 R57442 R81162 R63058 R7190 R67269 R68224 R82513 R19884 R17379 R73270 R68435 R21873 R53761 R86726 R37494 R57033 R84193 R14736 R60146 R57517 R39913 R54302,1472,1500,0.32554981112480164,Nous n'avons pas de releve suffisamment pertinent pour repondre a cette question.
10,Did witnesses report a smell of chocolate or vanilla near the objects?,naive,R10905 R19884 R21873 R22049 R73270 R73943 R83346 R86726 R0 R1 R2 R3 R4 R5 R6 R7 R8 R9 R10 R11 R12 R13 R14 R15 R16,1483,1500,1.0,Nous n'avons pas de releve suffisamment pertinent pour repondre a cette question.
